MASP,TEN,GIABAN,LOAI
1,Vắc xin - Cũng 1,1498000,Vắc xin
2,Phụ kiện - Vẫn 2,1798000,Phụ kiện
3,Thuốc - Về 3,583000,Thuốc
4,Thuốc - Của 4,1150000,Thuốc
5,Thuốc - Đó 5,1064000,Thuốc
6,Thuốc - Từng 6,519000,Thuốc
7,Thức ăn - Và 7,891000,Thức ăn
8,Vắc xin - Trong 8,1342000,Vắc xin
9,Vắc xin - Của 9,639000,Vắc xin
10,Thức ăn - Như 10,853000,Thức ăn
11,Vắc xin - Đó 11,272000,Vắc xin
12,Phụ kiện - Khiến 12,360000,Phụ kiện
13,Thức ăn - Nơi 13,1157000,Thức ăn
14,Vắc xin - Sẽ 14,1949000,Vắc xin
15,Vắc xin - Nếu 15,939000,Vắc xin
16,Vắc xin - Đi 16,537000,Vắc xin
17,Vắc xin - Bạn 17,950000,Vắc xin
18,Thuốc - Nào 18,1295000,Thuốc
19,Vắc xin - Đúng 19,817000,Vắc xin
20,Thức ăn - Cũng 20,565000,Thức ăn
21,Thức ăn - Tại 21,1883000,Thức ăn
22,Thuốc - Và 22,789000,Thuốc
23,Thuốc - Người 23,1059000,Thuốc
24,Thức ăn - Đang 24,395000,Thức ăn
25,Vắc xin - Đúng 25,1039000,Vắc xin
26,Thức ăn - Trong 26,891000,Thức ăn
27,Vắc xin - Tại 27,713000,Vắc xin
28,Vắc xin - Là 28,291000,Vắc xin
29,Thuốc - Theo 29,1103000,Thuốc
30,Vắc xin - Khi 30,176000,Vắc xin
31,Phụ kiện - Mà 31,889000,Phụ kiện
32,Vắc xin - Cũng 32,1283000,Vắc xin
33,Vắc xin - Số 33,1815000,Vắc xin
34,Thuốc - Khi 34,1959000,Thuốc
35,Phụ kiện - Nhiều 35,1765000,Phụ kiện
36,Thuốc - Bạn 36,1991000,Thuốc
37,Thức ăn - Đó 37,1391000,Thức ăn
38,Thuốc - Giống 38,1211000,Thuốc
39,Thức ăn - Vì 39,1263000,Thức ăn
40,Thuốc - Với 40,209000,Thuốc
41,Vắc xin - Vẫn 41,904000,Vắc xin
42,Vắc xin - Để 42,1620000,Vắc xin
43,Thức ăn - Từ 43,1023000,Thức ăn
44,Vắc xin - Khiến 44,1662000,Vắc xin
45,Thuốc - Nếu 45,1971000,Thuốc
46,Thuốc - Khiến 46,1933000,Thuốc
47,Phụ kiện - Từng 47,1015000,Phụ kiện
48,Thuốc - Chưa 48,643000,Thuốc
49,Thuốc - Điều 49,215000,Thuốc
50,Phụ kiện - Chưa 50,1003000,Phụ kiện
51,Vắc xin - Các 51,1607000,Vắc xin
52,Vắc xin - Sau 52,1345000,Vắc xin
53,Vắc xin - Làm 53,787000,Vắc xin
54,Thuốc - Mà 54,1454000,Thuốc
55,Thức ăn - Nơi 55,593000,Thức ăn
56,Thuốc - Đã 56,1533000,Thuốc
57,Thức ăn - Trong 57,1437000,Thức ăn
58,Thức ăn - Của 58,685000,Thức ăn
59,Thức ăn - Bên 59,132000,Thức ăn
60,Phụ kiện - Người 60,1724000,Phụ kiện
61,Vắc xin - Được 61,1997000,Vắc xin
62,Thuốc - Của 62,278000,Thuốc
63,Vắc xin - Như 63,700000,Vắc xin
64,Phụ kiện - Thay 64,183000,Phụ kiện
65,Vắc xin - Hơn 65,1546000,Vắc xin
66,Vắc xin - Để 66,492000,Vắc xin
67,Thức ăn - Nơi 67,749000,Thức ăn
68,Thức ăn - Hơn 68,1323000,Thức ăn
69,Vắc xin - Sẽ 69,1960000,Vắc xin
70,Thuốc - Sẽ 70,105000,Thuốc
71,Thức ăn - Hơn 71,1233000,Thức ăn
72,Thuốc - Làm 72,699000,Thuốc
73,Thuốc - Chỉ 73,1580000,Thuốc
74,Phụ kiện - Nhưng 74,796000,Phụ kiện
75,Phụ kiện - Như 75,1708000,Phụ kiện
76,Thuốc - Tôi 76,59000,Thuốc
77,Thức ăn - Chưa 77,258000,Thức ăn
78,Thuốc - Từ 78,1495000,Thuốc
79,Thuốc - Là 79,1461000,Thuốc
80,Phụ kiện - Trong 80,157000,Phụ kiện
81,Thức ăn - Của 81,579000,Thức ăn
82,Thức ăn - Như 82,746000,Thức ăn
83,Thuốc - Thế 83,1647000,Thuốc
84,Thức ăn - Khi 84,982000,Thức ăn
85,Thuốc - Giữa 85,788000,Thuốc
86,Thức ăn - Với 86,502000,Thức ăn
87,Thuốc - Tự 87,288000,Thuốc
88,Thức ăn - Giữa 88,1429000,Thức ăn
89,Phụ kiện - Điều 89,444000,Phụ kiện
90,Phụ kiện - Lớn 90,482000,Phụ kiện
91,Thức ăn - Để 91,1280000,Thức ăn
92,Thức ăn - Và 92,1686000,Thức ăn
93,Phụ kiện - Gần 93,642000,Phụ kiện
94,Vắc xin - Tôi 94,904000,Vắc xin
95,Thuốc - Để 95,1137000,Thuốc
96,Vắc xin - Dưới 96,1359000,Vắc xin
97,Vắc xin - Để 97,1856000,Vắc xin
98,Phụ kiện - Của 98,967000,Phụ kiện
99,Thuốc - Cho 99,1098000,Thuốc
100,Vắc xin - Nhiều 100,1532000,Vắc xin
101,Phụ kiện - Làm 101,1449000,Phụ kiện
102,Phụ kiện - Sau 102,915000,Phụ kiện
103,Thuốc - Như 103,1086000,Thuốc
104,Thuốc - Khiến 104,918000,Thuốc
105,Thức ăn - Từ 105,1351000,Thức ăn
106,Thức ăn - Vậy 106,595000,Thức ăn
107,Thuốc - Trong 107,1267000,Thuốc
108,Thức ăn - Đang 108,1856000,Thức ăn
109,Phụ kiện - Từ 109,1684000,Phụ kiện
110,Thức ăn - Của 110,267000,Thức ăn
111,Thức ăn - Dưới 111,431000,Thức ăn
112,Thức ăn - Hơn 112,200000,Thức ăn
113,Phụ kiện - Hơn 113,1848000,Phụ kiện
114,Phụ kiện - Hơn 114,173000,Phụ kiện
115,Thuốc - Các 115,1782000,Thuốc
116,Thức ăn - Như 116,222000,Thức ăn
117,Thức ăn - Với 117,1252000,Thức ăn
118,Vắc xin - Làm 118,1876000,Vắc xin
119,Thuốc - Có 119,768000,Thuốc
120,Phụ kiện - Như 120,1686000,Phụ kiện
121,Thức ăn - Chưa 121,545000,Thức ăn
122,Thức ăn - Vẫn 122,1746000,Thức ăn
123,Phụ kiện - Hoặc 123,615000,Phụ kiện
124,Vắc xin - Nhưng 124,329000,Vắc xin
125,Phụ kiện - Bên 125,1901000,Phụ kiện
126,Thuốc - Và 126,925000,Thuốc
127,Thức ăn - Với 127,1960000,Thức ăn
128,Phụ kiện - Nhiều 128,607000,Phụ kiện
129,Thức ăn - Khiến 129,1160000,Thức ăn
130,Thức ăn - Tại 130,1909000,Thức ăn
131,Thuốc - Tại 131,699000,Thuốc
132,Vắc xin - Cái 132,1425000,Vắc xin
133,Vắc xin - Từng 133,981000,Vắc xin
134,Thức ăn - Đã 134,1711000,Thức ăn
135,Vắc xin - Thay 135,199000,Vắc xin
136,Thuốc - Của 136,260000,Thuốc
137,Thuốc - Để 137,222000,Thuốc
138,Thuốc - Về 138,668000,Thuốc
139,Vắc xin - Nào 139,194000,Vắc xin
140,Vắc xin - Như 140,1087000,Vắc xin
141,Thức ăn - Tại 141,635000,Thức ăn
142,Thức ăn - Mỗi 142,1007000,Thức ăn
143,Thuốc - Với 143,311000,Thuốc
144,Thức ăn - Cách 144,1906000,Thức ăn
145,Vắc xin - Dưới 145,1579000,Vắc xin
146,Vắc xin - Tại 146,462000,Vắc xin
147,Vắc xin - Để 147,1240000,Vắc xin
148,Thức ăn - Thì 148,1002000,Thức ăn
149,Vắc xin - Hơn 149,1136000,Vắc xin
150,Phụ kiện - Như 150,376000,Phụ kiện
151,Vắc xin - Tại 151,1267000,Vắc xin
152,Phụ kiện - Đến 152,639000,Phụ kiện
153,Phụ kiện - Người 153,932000,Phụ kiện
154,Thuốc - Đúng 154,1756000,Thuốc
155,Phụ kiện - Trong 155,1559000,Phụ kiện
156,Thuốc - Như 156,855000,Thuốc
157,Phụ kiện - Cũng 157,639000,Phụ kiện
158,Thức ăn - Theo 158,1733000,Thức ăn
159,Thuốc - Để 159,859000,Thuốc
160,Vắc xin - Rất 160,1162000,Vắc xin
161,Thuốc - Cho 161,1459000,Thuốc
162,Vắc xin - Giữa 162,1748000,Vắc xin
163,Phụ kiện - Chỉ 163,272000,Phụ kiện
164,Thức ăn - Để 164,1567000,Thức ăn
165,Phụ kiện - Đúng 165,1908000,Phụ kiện
166,Thuốc - Hoặc 166,1046000,Thuốc
167,Thức ăn - Giữa 167,1840000,Thức ăn
168,Thuốc - Thế 168,868000,Thuốc
169,Vắc xin - Một 169,458000,Vắc xin
170,Vắc xin - Để 170,1344000,Vắc xin
171,Phụ kiện - Trong 171,1956000,Phụ kiện
172,Vắc xin - Đang 172,460000,Vắc xin
173,Phụ kiện - Để 173,1764000,Phụ kiện
174,Phụ kiện - Từ 174,846000,Phụ kiện
175,Thức ăn - Nếu 175,309000,Thức ăn
176,Thuốc - Gần 176,1350000,Thuốc
177,Thức ăn - Như 177,1549000,Thức ăn
178,Phụ kiện - Làm 178,1066000,Phụ kiện
179,Phụ kiện - Nào 179,1822000,Phụ kiện
180,Thuốc - Đúng 180,316000,Thuốc
181,Vắc xin - Hơn 181,476000,Vắc xin
182,Thức ăn - Đã 182,1783000,Thức ăn
183,Thức ăn - Khi 183,1292000,Thức ăn
184,Thức ăn - Để 184,486000,Thức ăn
185,Phụ kiện - Trong 185,365000,Phụ kiện
186,Phụ kiện - Giống 186,674000,Phụ kiện
187,Thức ăn - Dưới 187,111000,Thức ăn
188,Thuốc - Số 188,315000,Thuốc
189,Thuốc - Cho 189,1856000,Thuốc
190,Vắc xin - Có 190,1046000,Vắc xin
191,Thức ăn - Về 191,830000,Thức ăn
192,Phụ kiện - Về 192,1725000,Phụ kiện
193,Phụ kiện - Thế 193,478000,Phụ kiện
194,Thức ăn - Của 194,1326000,Thức ăn
195,Thuốc - Vẫn 195,512000,Thuốc
196,Thuốc - Số 196,1410000,Thuốc
197,Phụ kiện - Chỉ 197,189000,Phụ kiện
198,Thuốc - Số 198,135000,Thuốc
199,Phụ kiện - Này 199,894000,Phụ kiện
200,Phụ kiện - Từng 200,671000,Phụ kiện
201,Phụ kiện - Mà 201,207000,Phụ kiện
202,Thức ăn - Chưa 202,266000,Thức ăn
203,Vắc xin - Cũng 203,1375000,Vắc xin
204,Thuốc - Nếu 204,1861000,Thuốc
205,Thuốc - Có 205,1148000,Thuốc
206,Phụ kiện - Nơi 206,1410000,Phụ kiện
207,Phụ kiện - Từ 207,159000,Phụ kiện
208,Thức ăn - Của 208,1274000,Thức ăn
209,Thuốc - Người 209,357000,Thuốc
210,Phụ kiện - Chỉ 210,855000,Phụ kiện
211,Vắc xin - Như 211,1339000,Vắc xin
212,Thức ăn - Là 212,1674000,Thức ăn
213,Thuốc - Vài 213,837000,Thuốc
214,Phụ kiện - Cũng 214,1797000,Phụ kiện
215,Phụ kiện - Từ 215,619000,Phụ kiện
216,Phụ kiện - Gần 216,1859000,Phụ kiện
217,Thuốc - Lớn 217,1854000,Thuốc
218,Phụ kiện - Khi 218,183000,Phụ kiện
219,Vắc xin - Giống 219,1396000,Vắc xin
220,Thức ăn - Một 220,676000,Thức ăn
221,Thuốc - Mỗi 221,1418000,Thuốc
222,Thức ăn - Hơn 222,1523000,Thức ăn
223,Thuốc - Đã 223,1435000,Thuốc
224,Thức ăn - Hơn 224,117000,Thức ăn
225,Thuốc - Nhưng 225,1313000,Thuốc
226,Vắc xin - Sẽ 226,1804000,Vắc xin
227,Thức ăn - Với 227,1221000,Thức ăn
228,Phụ kiện - Vì 228,1996000,Phụ kiện
229,Vắc xin - Tại 229,1422000,Vắc xin
230,Phụ kiện - Trong 230,1731000,Phụ kiện
231,Vắc xin - Giữa 231,1607000,Vắc xin
232,Thuốc - Đúng 232,542000,Thuốc
233,Thuốc - Đi 233,320000,Thuốc
234,Thức ăn - Về 234,1906000,Thức ăn
235,Thuốc - Hơn 235,318000,Thuốc
236,Thức ăn - Nhưng 236,155000,Thức ăn
237,Thức ăn - Các 237,470000,Thức ăn
238,Thuốc - Số 238,1965000,Thuốc
239,Phụ kiện - Dưới 239,1158000,Phụ kiện
240,Vắc xin - Trong 240,243000,Vắc xin
241,Thức ăn - Tôi 241,890000,Thức ăn
242,Phụ kiện - Để 242,691000,Phụ kiện
243,Phụ kiện - Điều 243,1420000,Phụ kiện
244,Thức ăn - Tại 244,713000,Thức ăn
245,Phụ kiện - Nơi 245,781000,Phụ kiện
246,Phụ kiện - Sau 246,1527000,Phụ kiện
247,Phụ kiện - Nơi 247,1684000,Phụ kiện
248,Thuốc - Giữa 248,1721000,Thuốc
249,Vắc xin - Được 249,1452000,Vắc xin
250,Vắc xin - Cũng 250,947000,Vắc xin
251,Phụ kiện - Có 251,700000,Phụ kiện
252,Thức ăn - Được 252,1161000,Thức ăn
253,Vắc xin - Là 253,881000,Vắc xin
254,Phụ kiện - Rất 254,703000,Phụ kiện
255,Thuốc - Thì 255,1816000,Thuốc
256,Phụ kiện - Cái 256,1826000,Phụ kiện
257,Thức ăn - Từ 257,94000,Thức ăn
258,Phụ kiện - Làm 258,338000,Phụ kiện
259,Vắc xin - Sau 259,390000,Vắc xin
260,Thuốc - Là 260,1988000,Thuốc
261,Vắc xin - Như 261,179000,Vắc xin
262,Thức ăn - Với 262,334000,Thức ăn
263,Thuốc - Tôi 263,626000,Thuốc
264,Thức ăn - Bên 264,1032000,Thức ăn
265,Thức ăn - Để 265,1955000,Thức ăn
266,Thuốc - Với 266,760000,Thuốc
267,Vắc xin - Như 267,1430000,Vắc xin
268,Thuốc - Gần 268,1964000,Thuốc
269,Vắc xin - Theo 269,236000,Vắc xin
270,Thức ăn - Nào 270,909000,Thức ăn
271,Thuốc - Cũng 271,57000,Thuốc
272,Phụ kiện - Cũng 272,407000,Phụ kiện
273,Phụ kiện - Cũng 273,1413000,Phụ kiện
274,Thức ăn - Hơn 274,1238000,Thức ăn
275,Vắc xin - Đi 275,367000,Vắc xin
276,Thức ăn - Hơn 276,465000,Thức ăn
277,Vắc xin - Thì 277,1701000,Vắc xin
278,Thuốc - Chưa 278,1050000,Thuốc
279,Phụ kiện - Đó 279,1702000,Phụ kiện
280,Vắc xin - Khiến 280,309000,Vắc xin
281,Thuốc - Để 281,987000,Thuốc
282,Thuốc - Để 282,1858000,Thuốc
283,Thức ăn - Như 283,1618000,Thức ăn
284,Thuốc - Như 284,116000,Thuốc
285,Phụ kiện - Vậy 285,1736000,Phụ kiện
286,Vắc xin - Chưa 286,247000,Vắc xin
287,Vắc xin - Này 287,578000,Vắc xin
288,Thuốc - Đến 288,1884000,Thuốc
289,Vắc xin - Sau 289,952000,Vắc xin
290,Phụ kiện - Để 290,175000,Phụ kiện
291,Thức ăn - Đã 291,266000,Thức ăn
292,Vắc xin - Vẫn 292,381000,Vắc xin
293,Vắc xin - Từng 293,1975000,Vắc xin
294,Phụ kiện - Được 294,472000,Phụ kiện
295,Thuốc - Sau 295,116000,Thuốc
296,Vắc xin - Từ 296,1645000,Vắc xin
297,Vắc xin - Cái 297,536000,Vắc xin
298,Thức ăn - Hoặc 298,1085000,Thức ăn
299,Vắc xin - Cũng 299,458000,Vắc xin
300,Thức ăn - Đang 300,534000,Thức ăn
301,Vắc xin - Cũng 301,270000,Vắc xin
302,Vắc xin - Không 302,1187000,Vắc xin
303,Thuốc - Hoặc 303,812000,Thuốc
304,Phụ kiện - Cũng 304,705000,Phụ kiện
305,Vắc xin - Cũng 305,942000,Vắc xin
306,Thức ăn - Có 306,1831000,Thức ăn
307,Thức ăn - Bên 307,496000,Thức ăn
308,Thức ăn - Cách 308,214000,Thức ăn
309,Phụ kiện - Tại 309,962000,Phụ kiện
310,Thuốc - Trong 310,1608000,Thuốc
311,Phụ kiện - Này 311,1468000,Phụ kiện
312,Thuốc - Giữa 312,710000,Thuốc
313,Vắc xin - Đúng 313,539000,Vắc xin
314,Thức ăn - Tại 314,135000,Thức ăn
315,Thức ăn - Thì 315,255000,Thức ăn
316,Vắc xin - Vài 316,1255000,Vắc xin
317,Vắc xin - Được 317,1060000,Vắc xin
318,Thuốc - Đúng 318,1972000,Thuốc
319,Phụ kiện - Sau 319,1489000,Phụ kiện
320,Thức ăn - Đó 320,1731000,Thức ăn
321,Vắc xin - Rất 321,562000,Vắc xin
322,Thức ăn - Là 322,1307000,Thức ăn
323,Phụ kiện - Cho 323,966000,Phụ kiện
324,Phụ kiện - Cái 324,101000,Phụ kiện
325,Thuốc - Cũng 325,745000,Thuốc
326,Thuốc - Đang 326,733000,Thuốc
327,Phụ kiện - Cách 327,1003000,Phụ kiện
328,Vắc xin - Là 328,733000,Vắc xin
329,Phụ kiện - Của 329,1089000,Phụ kiện
330,Thức ăn - Với 330,628000,Thức ăn
331,Thức ăn - Của 331,904000,Thức ăn
332,Vắc xin - Đi 332,1499000,Vắc xin
333,Phụ kiện - Vậy 333,448000,Phụ kiện
334,Phụ kiện - Trong 334,455000,Phụ kiện
335,Thuốc - Của 335,205000,Thuốc
336,Phụ kiện - Hơn 336,399000,Phụ kiện
337,Phụ kiện - Từng 337,1342000,Phụ kiện
338,Phụ kiện - Đang 338,1962000,Phụ kiện
339,Phụ kiện - Rất 339,729000,Phụ kiện
340,Phụ kiện - Dưới 340,520000,Phụ kiện
341,Thuốc - Nếu 341,268000,Thuốc
342,Thuốc - Trong 342,1304000,Thuốc
343,Vắc xin - Về 343,957000,Vắc xin
344,Phụ kiện - Hoặc 344,122000,Phụ kiện
345,Phụ kiện - Sau 345,816000,Phụ kiện
346,Phụ kiện - Dưới 346,1539000,Phụ kiện
347,Phụ kiện - Như 347,160000,Phụ kiện
348,Vắc xin - Như 348,1797000,Vắc xin
349,Vắc xin - Thay 349,1710000,Vắc xin
350,Vắc xin - Nhưng 350,1655000,Vắc xin
351,Thuốc - Vài 351,438000,Thuốc
352,Thức ăn - Từ 352,1546000,Thức ăn
353,Thức ăn - Cho 353,837000,Thức ăn
354,Thức ăn - Có 354,1532000,Thức ăn
355,Thuốc - Của 355,123000,Thuốc
356,Thức ăn - Cho 356,569000,Thức ăn
357,Thuốc - Hơn 357,1902000,Thuốc
358,Thuốc - Mỗi 358,492000,Thuốc
359,Vắc xin - Để 359,1987000,Vắc xin
360,Thức ăn - Đang 360,1120000,Thức ăn
361,Vắc xin - Cái 361,1271000,Vắc xin
362,Vắc xin - Mà 362,1529000,Vắc xin
363,Vắc xin - Thế 363,1027000,Vắc xin
364,Thức ăn - Như 364,493000,Thức ăn
365,Phụ kiện - Thế 365,2000000,Phụ kiện
366,Thuốc - Và 366,1294000,Thuốc
367,Vắc xin - Điều 367,1538000,Vắc xin
368,Thuốc - Dưới 368,1093000,Thuốc
369,Vắc xin - Tự 369,1997000,Vắc xin
370,Thức ăn - Thế 370,1080000,Thức ăn
371,Thức ăn - Như 371,367000,Thức ăn
372,Phụ kiện - Lớn 372,822000,Phụ kiện
373,Thức ăn - Làm 373,353000,Thức ăn
374,Thức ăn - Về 374,1014000,Thức ăn
375,Vắc xin - Với 375,284000,Vắc xin
376,Thức ăn - Người 376,1461000,Thức ăn
377,Thuốc - Không 377,1524000,Thuốc
378,Vắc xin - Có 378,431000,Vắc xin
379,Thức ăn - Của 379,59000,Thức ăn
380,Thuốc - Từng 380,1153000,Thuốc
381,Phụ kiện - Bạn 381,595000,Phụ kiện
382,Thức ăn - Có 382,119000,Thức ăn
383,Phụ kiện - Hoặc 383,1434000,Phụ kiện
384,Phụ kiện - Khi 384,1875000,Phụ kiện
385,Thức ăn - Nhưng 385,721000,Thức ăn
386,Thức ăn - Thế 386,631000,Thức ăn
387,Thức ăn - Của 387,989000,Thức ăn
388,Vắc xin - Đó 388,1958000,Vắc xin
389,Vắc xin - Tại 389,1111000,Vắc xin
390,Thuốc - Của 390,906000,Thuốc
391,Phụ kiện - Mỗi 391,1689000,Phụ kiện
392,Thức ăn - Đó 392,1395000,Thức ăn
393,Phụ kiện - Vậy 393,1274000,Phụ kiện
394,Thức ăn - Tự 394,1516000,Thức ăn
395,Thuốc - Là 395,841000,Thuốc
396,Thức ăn - Cho 396,964000,Thức ăn
397,Vắc xin - Đã 397,551000,Vắc xin
398,Thức ăn - Giống 398,1502000,Thức ăn
399,Phụ kiện - Nào 399,619000,Phụ kiện
400,Phụ kiện - Tôi 400,1762000,Phụ kiện
401,Phụ kiện - Khi 401,1543000,Phụ kiện
402,Vắc xin - Giữa 402,1607000,Vắc xin
403,Thuốc - Của 403,1788000,Thuốc
404,Thuốc - Về 404,792000,Thuốc
405,Vắc xin - Vì 405,453000,Vắc xin
406,Phụ kiện - Sẽ 406,1826000,Phụ kiện
407,Thuốc - Với 407,1556000,Thuốc
408,Vắc xin - Có 408,205000,Vắc xin
409,Vắc xin - Nếu 409,1841000,Vắc xin
410,Thức ăn - Để 410,1278000,Thức ăn
411,Vắc xin - Vì 411,388000,Vắc xin
412,Thức ăn - Lớn 412,711000,Thức ăn
413,Thuốc - Người 413,231000,Thuốc
414,Thuốc - Là 414,1703000,Thuốc
415,Thuốc - Vậy 415,916000,Thuốc
416,Vắc xin - Mỗi 416,1031000,Vắc xin
417,Thuốc - Trong 417,318000,Thuốc
418,Vắc xin - Sau 418,1983000,Vắc xin
419,Phụ kiện - Số 419,887000,Phụ kiện
420,Thức ăn - Như 420,1724000,Thức ăn
421,Thuốc - Của 421,1751000,Thuốc
422,Phụ kiện - Chỉ 422,637000,Phụ kiện
423,Thuốc - Như 423,60000,Thuốc
424,Phụ kiện - Bên 424,1152000,Phụ kiện
425,Vắc xin - Của 425,1970000,Vắc xin
426,Thuốc - Đến 426,68000,Thuốc
427,Thuốc - Với 427,402000,Thuốc
428,Vắc xin - Trong 428,948000,Vắc xin
429,Thức ăn - Lớn 429,1505000,Thức ăn
430,Phụ kiện - Làm 430,1321000,Phụ kiện
431,Thức ăn - Nơi 431,1730000,Thức ăn
432,Thuốc - Điều 432,654000,Thuốc
433,Thuốc - Lớn 433,1017000,Thuốc
434,Thuốc - Rất 434,1907000,Thuốc
435,Vắc xin - Như 435,280000,Vắc xin
436,Phụ kiện - Cũng 436,1233000,Phụ kiện
437,Phụ kiện - Chưa 437,167000,Phụ kiện
438,Phụ kiện - Tại 438,252000,Phụ kiện
439,Vắc xin - Khiến 439,723000,Vắc xin
440,Phụ kiện - Để 440,864000,Phụ kiện
441,Thức ăn - Được 441,968000,Thức ăn
442,Phụ kiện - Gần 442,712000,Phụ kiện
443,Thuốc - Rất 443,1559000,Thuốc
444,Vắc xin - Có 444,790000,Vắc xin
445,Phụ kiện - Cũng 445,863000,Phụ kiện
446,Thức ăn - Với 446,702000,Thức ăn
447,Phụ kiện - Để 447,1736000,Phụ kiện
448,Vắc xin - Từ 448,199000,Vắc xin
449,Thuốc - Nhưng 449,1234000,Thuốc
450,Thuốc - Có 450,1850000,Thuốc
451,Phụ kiện - Được 451,199000,Phụ kiện
452,Vắc xin - Để 452,980000,Vắc xin
453,Thuốc - Để 453,1190000,Thuốc
454,Vắc xin - Mà 454,1664000,Vắc xin
455,Vắc xin - Được 455,1533000,Vắc xin
456,Thức ăn - Nhiều 456,238000,Thức ăn
457,Vắc xin - Có 457,1628000,Vắc xin
458,Thức ăn - Tự 458,1558000,Thức ăn
459,Thuốc - Của 459,362000,Thuốc
460,Phụ kiện - Được 460,981000,Phụ kiện
461,Phụ kiện - Giống 461,1236000,Phụ kiện
462,Phụ kiện - Để 462,1270000,Phụ kiện
463,Phụ kiện - Chưa 463,831000,Phụ kiện
464,Vắc xin - Nhưng 464,774000,Vắc xin
465,Vắc xin - Từng 465,1044000,Vắc xin
466,Phụ kiện - Đã 466,937000,Phụ kiện
467,Thuốc - Nhiều 467,1802000,Thuốc
468,Phụ kiện - Theo 468,85000,Phụ kiện
469,Thuốc - Và 469,1947000,Thuốc
470,Phụ kiện - Tự 470,1993000,Phụ kiện
471,Vắc xin - Như 471,1085000,Vắc xin
472,Phụ kiện - Mà 472,1007000,Phụ kiện
473,Thức ăn - Từng 473,205000,Thức ăn
474,Phụ kiện - Như 474,1633000,Phụ kiện
475,Phụ kiện - Trong 475,305000,Phụ kiện
476,Thức ăn - Này 476,214000,Thức ăn
477,Thức ăn - Nhưng 477,1705000,Thức ăn
478,Vắc xin - Trong 478,797000,Vắc xin
479,Thuốc - Tôi 479,671000,Thuốc
480,Thức ăn - Khiến 480,969000,Thức ăn
481,Vắc xin - Vẫn 481,342000,Vắc xin
482,Vắc xin - Một 482,862000,Vắc xin
483,Thuốc - Cho 483,981000,Thuốc
484,Vắc xin - Như 484,382000,Vắc xin
485,Thức ăn - Như 485,1065000,Thức ăn
486,Vắc xin - Hơn 486,503000,Vắc xin
487,Thuốc - Trong 487,918000,Thuốc
488,Vắc xin - Thì 488,1566000,Vắc xin
489,Phụ kiện - Nếu 489,872000,Phụ kiện
490,Thức ăn - Về 490,722000,Thức ăn
491,Phụ kiện - Cái 491,1828000,Phụ kiện
492,Thức ăn - Đi 492,777000,Thức ăn
493,Vắc xin - Không 493,477000,Vắc xin
494,Thuốc - Và 494,380000,Thuốc
495,Vắc xin - Không 495,1906000,Vắc xin
496,Vắc xin - Cũng 496,495000,Vắc xin
497,Thuốc - Không 497,815000,Thuốc
498,Thức ăn - Làm 498,679000,Thức ăn
499,Vắc xin - Như 499,946000,Vắc xin
500,Thức ăn - Bên 500,1327000,Thức ăn
501,Thức ăn - Mỗi 501,1785000,Thức ăn
502,Thức ăn - Lớn 502,1977000,Thức ăn
503,Thuốc - Sau 503,1836000,Thuốc
504,Thức ăn - Tôi 504,352000,Thức ăn
505,Thức ăn - Được 505,1809000,Thức ăn
506,Thức ăn - Đến 506,1864000,Thức ăn
507,Thức ăn - Khi 507,105000,Thức ăn
508,Thức ăn - Là 508,1555000,Thức ăn
509,Thức ăn - Chỉ 509,1931000,Thức ăn
510,Thuốc - Người 510,858000,Thuốc
511,Vắc xin - Thay 511,1335000,Vắc xin
512,Phụ kiện - Mà 512,1056000,Phụ kiện
513,Thức ăn - Về 513,124000,Thức ăn
514,Thuốc - Hơn 514,1942000,Thuốc
515,Phụ kiện - Vậy 515,1027000,Phụ kiện
516,Phụ kiện - Để 516,922000,Phụ kiện
517,Thuốc - Sau 517,101000,Thuốc
518,Thuốc - Rất 518,1154000,Thuốc
519,Thuốc - Tại 519,540000,Thuốc
520,Thức ăn - Người 520,1255000,Thức ăn
521,Thuốc - Rất 521,1664000,Thuốc
522,Phụ kiện - Cũng 522,1872000,Phụ kiện
523,Vắc xin - Thì 523,1908000,Vắc xin
524,Phụ kiện - Cũng 524,1467000,Phụ kiện
525,Phụ kiện - Từ 525,1084000,Phụ kiện
526,Thuốc - Thế 526,253000,Thuốc
527,Vắc xin - Thay 527,1998000,Vắc xin
528,Thuốc - Hơn 528,1843000,Thuốc
529,Phụ kiện - Sẽ 529,1013000,Phụ kiện
530,Vắc xin - Cái 530,1963000,Vắc xin
531,Phụ kiện - Nơi 531,98000,Phụ kiện
532,Phụ kiện - Người 532,546000,Phụ kiện
533,Vắc xin - Tôi 533,991000,Vắc xin
534,Thức ăn - Này 534,1464000,Thức ăn
535,Thuốc - Điều 535,864000,Thuốc
536,Thuốc - Bên 536,1617000,Thuốc
537,Thức ăn - Nhiều 537,658000,Thức ăn
538,Vắc xin - Trong 538,986000,Vắc xin
539,Thuốc - Tại 539,591000,Thuốc
540,Thức ăn - Cho 540,167000,Thức ăn
541,Thuốc - Như 541,690000,Thuốc
542,Thuốc - Như 542,179000,Thuốc
543,Thuốc - Chưa 543,154000,Thuốc
544,Thức ăn - Mỗi 544,773000,Thức ăn
545,Phụ kiện - Hơn 545,823000,Phụ kiện
546,Phụ kiện - Gần 546,441000,Phụ kiện
547,Thức ăn - Làm 547,1033000,Thức ăn
548,Thức ăn - Có 548,1552000,Thức ăn
549,Vắc xin - Thì 549,953000,Vắc xin
550,Vắc xin - Khiến 550,921000,Vắc xin
551,Vắc xin - Hơn 551,481000,Vắc xin
552,Thuốc - Tôi 552,308000,Thuốc
553,Phụ kiện - Như 553,725000,Phụ kiện
554,Phụ kiện - Theo 554,1684000,Phụ kiện
555,Thức ăn - Từ 555,1094000,Thức ăn
556,Thuốc - Vài 556,858000,Thuốc
557,Thức ăn - Tại 557,1880000,Thức ăn
558,Thuốc - Mỗi 558,1893000,Thuốc
559,Thức ăn - Thế 559,1402000,Thức ăn
560,Thức ăn - Như 560,1813000,Thức ăn
561,Thức ăn - Nhiều 561,1171000,Thức ăn
562,Vắc xin - Thay 562,715000,Vắc xin
563,Vắc xin - Mà 563,1132000,Vắc xin
564,Thức ăn - Như 564,1653000,Thức ăn
565,Thức ăn - Theo 565,446000,Thức ăn
566,Thức ăn - Điều 566,1421000,Thức ăn
567,Thuốc - Từ 567,746000,Thuốc
568,Thuốc - Đi 568,1763000,Thuốc
569,Vắc xin - Không 569,640000,Vắc xin
570,Thuốc - Giữa 570,764000,Thuốc
571,Phụ kiện - Không 571,343000,Phụ kiện
572,Thức ăn - Giống 572,845000,Thức ăn
573,Phụ kiện - Tại 573,200000,Phụ kiện
574,Thức ăn - Như 574,145000,Thức ăn
575,Vắc xin - Tôi 575,1907000,Vắc xin
576,Thuốc - Của 576,379000,Thuốc
577,Thức ăn - Trong 577,492000,Thức ăn
578,Thức ăn - Có 578,1380000,Thức ăn
579,Phụ kiện - Từng 579,140000,Phụ kiện
580,Phụ kiện - Như 580,1511000,Phụ kiện
581,Thức ăn - Được 581,1582000,Thức ăn
582,Phụ kiện - Tự 582,1465000,Phụ kiện
583,Thuốc - Đến 583,1988000,Thuốc
584,Phụ kiện - Có 584,965000,Phụ kiện
585,Thức ăn - Cho 585,61000,Thức ăn
586,Thuốc - Đến 586,1085000,Thuốc
587,Vắc xin - Điều 587,365000,Vắc xin
588,Thuốc - Hoặc 588,843000,Thuốc
589,Phụ kiện - Vậy 589,1032000,Phụ kiện
590,Vắc xin - Như 590,1094000,Vắc xin
591,Thuốc - Cho 591,864000,Thuốc
592,Thức ăn - Của 592,223000,Thức ăn
593,Phụ kiện - Tôi 593,1720000,Phụ kiện
594,Vắc xin - Của 594,919000,Vắc xin
595,Phụ kiện - Nào 595,1383000,Phụ kiện
596,Vắc xin - Với 596,772000,Vắc xin
597,Thuốc - Vài 597,1408000,Thuốc
598,Thuốc - Như 598,1570000,Thuốc
599,Thuốc - Người 599,758000,Thuốc
600,Thức ăn - Đang 600,71000,Thức ăn
601,Vắc xin - Vẫn 601,1654000,Vắc xin
602,Phụ kiện - Vài 602,1784000,Phụ kiện
603,Vắc xin - Từ 603,674000,Vắc xin
604,Thuốc - Mà 604,1773000,Thuốc
605,Phụ kiện - Của 605,1844000,Phụ kiện
606,Thức ăn - Trong 606,478000,Thức ăn
607,Thuốc - Như 607,608000,Thuốc
608,Thuốc - Tôi 608,1673000,Thuốc
609,Thuốc - Bên 609,567000,Thuốc
610,Thuốc - Thế 610,687000,Thuốc
611,Thuốc - Người 611,1456000,Thuốc
612,Vắc xin - Chưa 612,555000,Vắc xin
613,Vắc xin - Nếu 613,1875000,Vắc xin
614,Thức ăn - Như 614,401000,Thức ăn
615,Vắc xin - Dưới 615,952000,Vắc xin
616,Phụ kiện - Điều 616,93000,Phụ kiện
617,Thuốc - Mà 617,824000,Thuốc
618,Phụ kiện - Trong 618,993000,Phụ kiện
619,Vắc xin - Vẫn 619,620000,Vắc xin
620,Thuốc - Tự 620,1867000,Thuốc
621,Thuốc - Nhiều 621,1220000,Thuốc
622,Thuốc - Từ 622,1949000,Thuốc
623,Thức ăn - Sẽ 623,1510000,Thức ăn
624,Phụ kiện - Hơn 624,215000,Phụ kiện
625,Thuốc - Vài 625,926000,Thuốc
626,Thức ăn - Mỗi 626,1621000,Thức ăn
627,Thuốc - Các 627,1377000,Thuốc
628,Vắc xin - Tại 628,935000,Vắc xin
629,Phụ kiện - Như 629,919000,Phụ kiện
630,Vắc xin - Gần 630,98000,Vắc xin
631,Thuốc - Các 631,1645000,Thuốc
632,Thức ăn - Này 632,94000,Thức ăn
633,Phụ kiện - Để 633,1820000,Phụ kiện
634,Thức ăn - Khi 634,622000,Thức ăn
635,Phụ kiện - Thế 635,1416000,Phụ kiện
636,Thức ăn - Của 636,616000,Thức ăn
637,Vắc xin - Bạn 637,763000,Vắc xin
638,Thức ăn - Tự 638,246000,Thức ăn
639,Vắc xin - Hơn 639,1886000,Vắc xin
640,Vắc xin - Từ 640,1145000,Vắc xin
641,Vắc xin - Để 641,848000,Vắc xin
642,Phụ kiện - Tại 642,429000,Phụ kiện
643,Phụ kiện - Nếu 643,1418000,Phụ kiện
644,Thức ăn - Về 644,967000,Thức ăn
645,Vắc xin - Bạn 645,1983000,Vắc xin
646,Thuốc - Nếu 646,1800000,Thuốc
647,Thức ăn - Có 647,251000,Thức ăn
648,Thuốc - Trong 648,1899000,Thuốc
649,Thuốc - Của 649,242000,Thuốc
650,Thuốc - Không 650,1757000,Thuốc
651,Thuốc - Sẽ 651,1636000,Thuốc
652,Phụ kiện - Rất 652,56000,Phụ kiện
653,Phụ kiện - Dưới 653,355000,Phụ kiện
654,Thức ăn - Với 654,1555000,Thức ăn
655,Thuốc - Nếu 655,1039000,Thuốc
656,Vắc xin - Tôi 656,297000,Vắc xin
657,Phụ kiện - Bạn 657,422000,Phụ kiện
658,Thức ăn - Tại 658,926000,Thức ăn
659,Vắc xin - Làm 659,97000,Vắc xin
660,Phụ kiện - Dưới 660,1803000,Phụ kiện
661,Thức ăn - Từ 661,904000,Thức ăn
662,Thuốc - Hơn 662,1904000,Thuốc
663,Thuốc - Là 663,736000,Thuốc
664,Phụ kiện - Khiến 664,1754000,Phụ kiện
665,Phụ kiện - Thế 665,1063000,Phụ kiện
666,Thuốc - Đó 666,796000,Thuốc
667,Thuốc - Tự 667,1745000,Thuốc
668,Vắc xin - Đi 668,225000,Vắc xin
669,Thuốc - Mà 669,1180000,Thuốc
670,Thức ăn - Gần 670,439000,Thức ăn
671,Vắc xin - Tôi 671,589000,Vắc xin
672,Thuốc - Hoặc 672,1011000,Thuốc
673,Phụ kiện - Trong 673,1762000,Phụ kiện
674,Vắc xin - Khiến 674,1881000,Vắc xin
675,Vắc xin - Sẽ 675,1813000,Vắc xin
676,Thức ăn - Sẽ 676,911000,Thức ăn
677,Vắc xin - Người 677,618000,Vắc xin
678,Phụ kiện - Để 678,1893000,Phụ kiện
679,Vắc xin - Đúng 679,1833000,Vắc xin
680,Phụ kiện - Như 680,1756000,Phụ kiện
681,Phụ kiện - Để 681,1042000,Phụ kiện
682,Thuốc - Bạn 682,738000,Thuốc
683,Phụ kiện - Các 683,1164000,Phụ kiện
684,Vắc xin - Cũng 684,1358000,Vắc xin
685,Thuốc - Của 685,1661000,Thuốc
686,Phụ kiện - Giống 686,1312000,Phụ kiện
687,Thức ăn - Lớn 687,1898000,Thức ăn
688,Thức ăn - Như 688,1848000,Thức ăn
689,Thức ăn - Nếu 689,1971000,Thức ăn
690,Vắc xin - Đúng 690,1486000,Vắc xin
691,Thức ăn - Một 691,1978000,Thức ăn
692,Thuốc - Trong 692,1006000,Thuốc
693,Phụ kiện - Đúng 693,1472000,Phụ kiện
694,Vắc xin - Một 694,1510000,Vắc xin
695,Thức ăn - Có 695,761000,Thức ăn
696,Phụ kiện - Này 696,1254000,Phụ kiện
697,Thức ăn - Nhiều 697,1744000,Thức ăn
698,Thức ăn - Với 698,285000,Thức ăn
699,Thuốc - Như 699,1583000,Thuốc
700,Thức ăn - Chỉ 700,1210000,Thức ăn
701,Thức ăn - Thì 701,1710000,Thức ăn
702,Thức ăn - Nhiều 702,657000,Thức ăn
703,Phụ kiện - Mỗi 703,338000,Phụ kiện
704,Thuốc - Sẽ 704,141000,Thuốc
705,Vắc xin - Giống 705,1970000,Vắc xin
706,Vắc xin - Nơi 706,1398000,Vắc xin
707,Thức ăn - Bạn 707,1357000,Thức ăn
708,Thức ăn - Thay 708,1934000,Thức ăn
709,Thức ăn - Nhưng 709,905000,Thức ăn
710,Phụ kiện - Nào 710,79000,Phụ kiện
711,Thuốc - Rất 711,1083000,Thuốc
712,Vắc xin - Mà 712,1054000,Vắc xin
713,Vắc xin - Trong 713,1910000,Vắc xin
714,Phụ kiện - Cho 714,1845000,Phụ kiện
715,Phụ kiện - Của 715,1838000,Phụ kiện
716,Thuốc - Cái 716,648000,Thuốc
717,Vắc xin - Đi 717,573000,Vắc xin
718,Vắc xin - Của 718,157000,Vắc xin
719,Vắc xin - Trong 719,580000,Vắc xin
720,Thuốc - Thì 720,334000,Thuốc
721,Thuốc - Có 721,690000,Thuốc
722,Phụ kiện - Đến 722,381000,Phụ kiện
723,Thuốc - Tự 723,577000,Thuốc
724,Vắc xin - Rất 724,1152000,Vắc xin
725,Vắc xin - Nhưng 725,1255000,Vắc xin
726,Phụ kiện - Có 726,334000,Phụ kiện
727,Vắc xin - Để 727,430000,Vắc xin
728,Phụ kiện - Của 728,826000,Phụ kiện
729,Thức ăn - Số 729,1739000,Thức ăn
730,Vắc xin - Để 730,902000,Vắc xin
731,Vắc xin - Thế 731,785000,Vắc xin
732,Thuốc - Nào 732,274000,Thuốc
733,Vắc xin - Tự 733,1733000,Vắc xin
734,Thức ăn - Tại 734,745000,Thức ăn
735,Vắc xin - Dưới 735,1008000,Vắc xin
736,Thuốc - Từ 736,1645000,Thuốc
737,Thức ăn - Thì 737,1931000,Thức ăn
738,Thuốc - Mà 738,445000,Thuốc
739,Phụ kiện - Hơn 739,152000,Phụ kiện
740,Phụ kiện - Cái 740,827000,Phụ kiện
741,Vắc xin - Theo 741,1107000,Vắc xin
742,Thức ăn - Đã 742,393000,Thức ăn
743,Phụ kiện - Cái 743,352000,Phụ kiện
744,Phụ kiện - Được 744,81000,Phụ kiện
745,Vắc xin - Tại 745,1192000,Vắc xin
746,Thuốc - Bên 746,293000,Thuốc
747,Vắc xin - Của 747,1670000,Vắc xin
748,Thức ăn - Với 748,1539000,Thức ăn
749,Thức ăn - Trong 749,1364000,Thức ăn
750,Phụ kiện - Đến 750,1049000,Phụ kiện
751,Thức ăn - Tại 751,464000,Thức ăn
752,Phụ kiện - Người 752,1700000,Phụ kiện
753,Phụ kiện - Bên 753,1786000,Phụ kiện
754,Thức ăn - Này 754,363000,Thức ăn
755,Thức ăn - Không 755,1073000,Thức ăn
756,Phụ kiện - Điều 756,1266000,Phụ kiện
757,Vắc xin - Từ 757,1840000,Vắc xin
758,Thuốc - Làm 758,762000,Thuốc
759,Phụ kiện - Khi 759,1141000,Phụ kiện
760,Vắc xin - Tại 760,1036000,Vắc xin
761,Phụ kiện - Sẽ 761,776000,Phụ kiện
762,Vắc xin - Từ 762,1435000,Vắc xin
763,Thuốc - Nếu 763,1019000,Thuốc
764,Thức ăn - Của 764,1303000,Thức ăn
765,Vắc xin - Hơn 765,77000,Vắc xin
766,Phụ kiện - Như 766,1822000,Phụ kiện
767,Thuốc - Vậy 767,62000,Thuốc
768,Thuốc - Vài 768,676000,Thuốc
769,Vắc xin - Có 769,59000,Vắc xin
770,Phụ kiện - Khiến 770,648000,Phụ kiện
771,Vắc xin - Nhưng 771,1288000,Vắc xin
772,Phụ kiện - Cái 772,1648000,Phụ kiện
773,Thức ăn - Nhiều 773,1420000,Thức ăn
774,Thức ăn - Sau 774,129000,Thức ăn
775,Thức ăn - Cách 775,1355000,Thức ăn
776,Thuốc - Các 776,1281000,Thuốc
777,Thuốc - Cái 777,1558000,Thuốc
778,Thức ăn - Về 778,1827000,Thức ăn
779,Vắc xin - Bên 779,1762000,Vắc xin
780,Thức ăn - Tại 780,118000,Thức ăn
781,Thức ăn - Thay 781,1938000,Thức ăn
782,Vắc xin - Nhưng 782,1485000,Vắc xin
783,Thuốc - Đang 783,1332000,Thuốc
784,Phụ kiện - Từ 784,1533000,Phụ kiện
785,Phụ kiện - Bên 785,917000,Phụ kiện
786,Thuốc - Để 786,1078000,Thuốc
787,Thuốc - Khi 787,1520000,Thuốc
788,Thức ăn - Được 788,1195000,Thức ăn
789,Thức ăn - Cho 789,1094000,Thức ăn
790,Thức ăn - Nào 790,1149000,Thức ăn
791,Thuốc - Với 791,946000,Thuốc
792,Thức ăn - Của 792,1112000,Thức ăn
793,Vắc xin - Tôi 793,1277000,Vắc xin
794,Phụ kiện - Tôi 794,189000,Phụ kiện
795,Thức ăn - Sẽ 795,1976000,Thức ăn
796,Thuốc - Tôi 796,626000,Thuốc
797,Thức ăn - Của 797,915000,Thức ăn
798,Phụ kiện - Được 798,767000,Phụ kiện
799,Thức ăn - Nào 799,413000,Thức ăn
800,Thức ăn - Như 800,1507000,Thức ăn
801,Phụ kiện - Cũng 801,354000,Phụ kiện
802,Vắc xin - Đó 802,1692000,Vắc xin
803,Thức ăn - Nơi 803,1982000,Thức ăn
804,Thức ăn - Đi 804,1189000,Thức ăn
805,Thuốc - Từng 805,646000,Thuốc
806,Thuốc - Vì 806,925000,Thuốc
807,Vắc xin - Nhiều 807,1326000,Vắc xin
808,Thức ăn - Tại 808,454000,Thức ăn
809,Phụ kiện - Cũng 809,985000,Phụ kiện
810,Vắc xin - Cách 810,979000,Vắc xin
811,Phụ kiện - Vẫn 811,1833000,Phụ kiện
812,Vắc xin - Vậy 812,318000,Vắc xin
813,Phụ kiện - Cái 813,1779000,Phụ kiện
814,Thuốc - Như 814,1199000,Thuốc
815,Vắc xin - Tại 815,1950000,Vắc xin
816,Thuốc - Khiến 816,1115000,Thuốc
817,Thuốc - Của 817,963000,Thuốc
818,Phụ kiện - Nơi 818,929000,Phụ kiện
819,Thức ăn - Các 819,291000,Thức ăn
820,Vắc xin - Như 820,1889000,Vắc xin
821,Thức ăn - Cũng 821,848000,Thức ăn
822,Phụ kiện - Cho 822,1526000,Phụ kiện
823,Phụ kiện - Này 823,138000,Phụ kiện
824,Thức ăn - Trong 824,1368000,Thức ăn
825,Thuốc - Một 825,1275000,Thuốc
826,Vắc xin - Dưới 826,275000,Vắc xin
827,Thuốc - Nhiều 827,135000,Thuốc
828,Thức ăn - Tại 828,1285000,Thức ăn
829,Thuốc - Với 829,461000,Thuốc
830,Thuốc - Thay 830,599000,Thuốc
831,Thức ăn - Nhưng 831,313000,Thức ăn
832,Thuốc - Như 832,1759000,Thuốc
833,Vắc xin - Là 833,1737000,Vắc xin
834,Thức ăn - Đi 834,152000,Thức ăn
835,Vắc xin - Đang 835,1751000,Vắc xin
836,Vắc xin - Sau 836,1094000,Vắc xin
837,Thức ăn - Điều 837,1132000,Thức ăn
838,Phụ kiện - Có 838,1061000,Phụ kiện
839,Thức ăn - Có 839,1989000,Thức ăn
840,Thức ăn - Gần 840,513000,Thức ăn
841,Thuốc - Sau 841,685000,Thuốc
842,Vắc xin - Không 842,1233000,Vắc xin
843,Phụ kiện - Tại 843,795000,Phụ kiện
844,Thức ăn - Gần 844,1165000,Thức ăn
845,Phụ kiện - Được 845,903000,Phụ kiện
846,Vắc xin - Bên 846,956000,Vắc xin
847,Thuốc - Hơn 847,826000,Thuốc
848,Thức ăn - Cũng 848,232000,Thức ăn
849,Thức ăn - Nếu 849,1085000,Thức ăn
850,Thức ăn - Đó 850,1592000,Thức ăn
851,Vắc xin - Khi 851,184000,Vắc xin
852,Thuốc - Của 852,1236000,Thuốc
853,Thức ăn - Chưa 853,1367000,Thức ăn
854,Vắc xin - Nếu 854,1303000,Vắc xin
855,Thức ăn - Vậy 855,1758000,Thức ăn
856,Phụ kiện - Mỗi 856,230000,Phụ kiện
857,Thuốc - Như 857,1561000,Thuốc
858,Phụ kiện - Từ 858,1668000,Phụ kiện
859,Thức ăn - Khi 859,1080000,Thức ăn
860,Phụ kiện - Để 860,1538000,Phụ kiện
861,Thức ăn - Đúng 861,492000,Thức ăn
862,Vắc xin - Sau 862,365000,Vắc xin
863,Phụ kiện - Vì 863,938000,Phụ kiện
864,Vắc xin - Không 864,1879000,Vắc xin
865,Thức ăn - Trong 865,293000,Thức ăn
866,Thuốc - Rất 866,482000,Thuốc
867,Thuốc - Khi 867,1992000,Thuốc
868,Thức ăn - Như 868,896000,Thức ăn
869,Thuốc - Và 869,424000,Thuốc
870,Thức ăn - Như 870,1064000,Thức ăn
871,Phụ kiện - Một 871,242000,Phụ kiện
872,Phụ kiện - Sẽ 872,1709000,Phụ kiện
873,Vắc xin - Sau 873,304000,Vắc xin
874,Thức ăn - Đến 874,1000000,Thức ăn
875,Thức ăn - Có 875,1663000,Thức ăn
876,Thuốc - Khi 876,1523000,Thuốc
877,Vắc xin - Đúng 877,1738000,Vắc xin
878,Thuốc - Giữa 878,1172000,Thuốc
879,Vắc xin - Các 879,1172000,Vắc xin
880,Vắc xin - Vậy 880,1353000,Vắc xin
881,Phụ kiện - Hơn 881,1362000,Phụ kiện
882,Thức ăn - Thay 882,765000,Thức ăn
883,Phụ kiện - Giống 883,1523000,Phụ kiện
884,Thức ăn - Hơn 884,722000,Thức ăn
885,Thuốc - Cách 885,538000,Thuốc
886,Thức ăn - Trong 886,873000,Thức ăn
887,Thuốc - Tại 887,911000,Thuốc
888,Vắc xin - Là 888,1124000,Vắc xin
889,Thức ăn - Đã 889,1973000,Thức ăn
890,Thức ăn - Về 890,1290000,Thức ăn
891,Thuốc - Trong 891,1217000,Thuốc
892,Phụ kiện - Này 892,1257000,Phụ kiện
893,Thuốc - Tại 893,1405000,Thuốc
894,Phụ kiện - Vì 894,1928000,Phụ kiện
895,Phụ kiện - Và 895,1049000,Phụ kiện
896,Thuốc - Từ 896,1451000,Thuốc
897,Thức ăn - Các 897,727000,Thức ăn
898,Vắc xin - Tự 898,1214000,Vắc xin
899,Vắc xin - Cách 899,917000,Vắc xin
900,Thuốc - Được 900,369000,Thuốc
901,Thức ăn - Này 901,1839000,Thức ăn
902,Thuốc - Để 902,991000,Thuốc
903,Vắc xin - Sau 903,1201000,Vắc xin
904,Thức ăn - Sau 904,490000,Thức ăn
905,Thức ăn - Và 905,1248000,Thức ăn
906,Thuốc - Thay 906,548000,Thuốc
907,Vắc xin - Vẫn 907,111000,Vắc xin
908,Vắc xin - Bạn 908,556000,Vắc xin
909,Phụ kiện - Cách 909,1542000,Phụ kiện
910,Thuốc - Vài 910,1511000,Thuốc
911,Phụ kiện - Cái 911,1537000,Phụ kiện
912,Phụ kiện - Từ 912,546000,Phụ kiện
913,Thức ăn - Được 913,399000,Thức ăn
914,Thuốc - Để 914,121000,Thuốc
915,Phụ kiện - Đúng 915,1657000,Phụ kiện
916,Thức ăn - Đúng 916,798000,Thức ăn
917,Thuốc - Khiến 917,1413000,Thuốc
918,Thức ăn - Điều 918,1069000,Thức ăn
919,Phụ kiện - Của 919,654000,Phụ kiện
920,Phụ kiện - Nhiều 920,642000,Phụ kiện
921,Thức ăn - Thay 921,433000,Thức ăn
922,Vắc xin - Cho 922,947000,Vắc xin
923,Thuốc - Của 923,1840000,Thuốc
924,Thức ăn - Đó 924,1607000,Thức ăn
925,Vắc xin - Vài 925,1561000,Vắc xin
926,Vắc xin - Một 926,290000,Vắc xin
927,Thuốc - Vài 927,1706000,Thuốc
928,Thuốc - Nơi 928,185000,Thuốc
929,Thức ăn - Đó 929,283000,Thức ăn
930,Phụ kiện - Mỗi 930,1503000,Phụ kiện
931,Phụ kiện - Trong 931,743000,Phụ kiện
932,Thuốc - Chưa 932,1554000,Thuốc
933,Thức ăn - Dưới 933,970000,Thức ăn
934,Thuốc - Từng 934,430000,Thuốc
935,Thuốc - Để 935,875000,Thuốc
936,Thức ăn - Như 936,193000,Thức ăn
937,Phụ kiện - Mà 937,1279000,Phụ kiện
938,Vắc xin - Số 938,1367000,Vắc xin
939,Phụ kiện - Trong 939,994000,Phụ kiện
940,Vắc xin - Một 940,929000,Vắc xin
941,Vắc xin - Đi 941,1772000,Vắc xin
942,Vắc xin - Nhiều 942,852000,Vắc xin
943,Thuốc - Mà 943,363000,Thuốc
944,Thức ăn - Đó 944,452000,Thức ăn
945,Thuốc - Các 945,408000,Thuốc
946,Phụ kiện - Thì 946,1868000,Phụ kiện
947,Vắc xin - Lớn 947,646000,Vắc xin
948,Vắc xin - Để 948,909000,Vắc xin
949,Thuốc - Đúng 949,1084000,Thuốc
950,Phụ kiện - Cái 950,264000,Phụ kiện
951,Phụ kiện - Như 951,595000,Phụ kiện
952,Phụ kiện - Như 952,1184000,Phụ kiện
953,Phụ kiện - Cái 953,1914000,Phụ kiện
954,Thuốc - Có 954,544000,Thuốc
955,Thức ăn - Gần 955,505000,Thức ăn
956,Phụ kiện - Từng 956,222000,Phụ kiện
957,Thuốc - Giữa 957,1691000,Thuốc
958,Phụ kiện - Như 958,1239000,Phụ kiện
959,Vắc xin - Tôi 959,189000,Vắc xin
960,Thuốc - Như 960,1515000,Thuốc
961,Thuốc - Trong 961,1521000,Thuốc
962,Thuốc - Nếu 962,227000,Thuốc
963,Thuốc - Giống 963,755000,Thuốc
964,Phụ kiện - Để 964,312000,Phụ kiện
965,Thuốc - Như 965,1531000,Thuốc
966,Thuốc - Nơi 966,1772000,Thuốc
967,Phụ kiện - Gần 967,1033000,Phụ kiện
968,Thuốc - Này 968,1934000,Thuốc
969,Thức ăn - Như 969,1380000,Thức ăn
970,Thuốc - Của 970,859000,Thuốc
971,Vắc xin - Với 971,1045000,Vắc xin
972,Thức ăn - Nhiều 972,1875000,Thức ăn
973,Thức ăn - Nơi 973,1043000,Thức ăn
974,Vắc xin - Số 974,1465000,Vắc xin
975,Thức ăn - Hơn 975,60000,Thức ăn
976,Vắc xin - Mỗi 976,814000,Vắc xin
977,Thức ăn - Tự 977,226000,Thức ăn
978,Thức ăn - Tự 978,1099000,Thức ăn
979,Phụ kiện - Của 979,78000,Phụ kiện
980,Thuốc - Được 980,852000,Thuốc
981,Thuốc - Giữa 981,1954000,Thuốc
982,Vắc xin - Bạn 982,1554000,Vắc xin
983,Vắc xin - Như 983,1227000,Vắc xin
984,Vắc xin - Cách 984,304000,Vắc xin
985,Thức ăn - Để 985,1198000,Thức ăn
986,Vắc xin - Là 986,1379000,Vắc xin
987,Thuốc - Để 987,886000,Thuốc
988,Phụ kiện - Về 988,1363000,Phụ kiện
989,Phụ kiện - Với 989,255000,Phụ kiện
990,Vắc xin - Cũng 990,734000,Vắc xin
991,Thức ăn - Điều 991,320000,Thức ăn
992,Thuốc - Số 992,1245000,Thuốc
993,Phụ kiện - Đến 993,560000,Phụ kiện
994,Thuốc - Trong 994,614000,Thuốc
995,Thức ăn - Sau 995,1269000,Thức ăn
996,Thức ăn - Và 996,67000,Thức ăn
997,Phụ kiện - Số 997,1719000,Phụ kiện
998,Thức ăn - Như 998,1818000,Thức ăn
999,Thức ăn - Đang 999,1413000,Thức ăn
1000,Phụ kiện - Các 1000,1824000,Phụ kiện
